X,Y,month,FFMC,DMC,DC,ISI,temp,RH,wind,rain,area
0.736985,0.420586,0.818182,0.870968,0.086492,0.101325,0.090909,0.192926,0.423529,0.7,0,0
0.736985,0.28039,0.818182,0.941935,0.110958,0.081623,0.160428,0.196141,0.964706,0.4,0.03125,0
0.736985,0.28039,0.818182,0.910968,0.172984,0.11059,0.171123,0.29582,0.988235,0.155556,0,0
0.859816,0.560781,0.818182,0.941935,0.119573,0.085493,0.139037,0.414791,0.141176,0.555556,0,0
0.859816,0.560781,0.818182,0.909677,0.09235,0.073766,0.112299,0.440514,0.235294,0.4,0,0
0.859816,0.560781,0.818182,0.895484,0.084769,0.070013,0.067736,0.382637,0.329412,0.255556,0,0
0.859816,0.560781,0.818182,0.883871,0.078567,0.066612,0.073084,0.308682,0.235294,0.155556,0,0
0.859816,0.560781,0.818182,0.889032,0.176085,0.112466,0.089127,0.282958,0.364706,0.6,0,0
0.859816,0.560781,0.818182,0.910968,0.172984,0.11059,0.171123,0.299035,0.282353,0.6,0,0
0.736985,0.420586,0.818182,0.910968,0.172984,0.11059,0.171123,0.106109,0.517647,0.655556,0,0
0.736985,0.420586,0.818182,0.941935,0.110958,0.081623,0.160428,0.482315,0.129412,0.455556,0,0
0.736985,0.420586,0.818182,0.935484,0.162646,0.10543,0.222816,0.437299,0.141176,0.8,0,0
0.614154,0.420586,0.818182,0.941935,0.110958,0.081623,0.160428,0.430868,0.117647,0.655556,0,0
0.614154,0.420586,0.818182,0.889032,0.176085,0.112466,0.089127,0.196141,0.670588,0.3,0,0
0.614154,0.420586,0.818182,0.941935,0.119573,0.085493,0.139037,0.488746,0.117647,0.5,0,0
0.614154,0.420586,0.818182,0.941935,0.119573,0.085493,0.139037,0.488746,0.105882,0.555556,0,0
0.491323,0.420586,0.818182,0.649032,0.00448,0.008913,0.012478,0.488746,0.105882,0.555556,0,0
0.859816,0.420586,0.818182,0.867097,0.063405,0.057934,0.049911,0.337621,0.435294,0.655556,0,0
0.614154,0.28039,0.818182,0.938065,0.101999,0.07787,0.13369,0.514469,0.164706,0.3,0,0
0.614154,0.28039,0.818182,0.867097,0.063405,0.057934,0.049911,0.369775,0.329412,0.6,0,0
0.614154,0.28039,0.818182,0.941935,0.110958,0.081623,0.160428,0.533762,0.035294,0.455556,0,0
0.491323,0.28039,0.818182,0.895484,0.084769,0.070013,0.067736,0.437299,0.141176,0.8,0,0
0.736985,0.28039,0.818182,0.895484,0.084769,0.070013,0.067736,0.427653,0.141176,0.655556,0,0
0.736985,0.28039,0.818182,0.941935,0.119573,0.085493,0.139037,0.302251,0.176471,0.655556,0,0
0.736985,0.28039,0.818182,0.941935,0.119573,0.085493,0.139037,0.418006,0.141176,0.5,0,0
0.736985,0.28039,0.818182,0.92129,0.133012,0.092295,0.110517,0.270096,0.176471,0.4,0,0
0.736985,0.28039,0.818182,0.889032,0.176085,0.112466,0.089127,0.21865,0.4,0.2,0,0
0.736985,0.28039,0.818182,0.883871,0.078567,0.066612,0.073084,0.379421,0.282353,0.3,0,0
0.614154,0.140195,0.818182,0.910968,0.172984,0.11059,0.171123,0.270096,0.364706,0.5,0,0
0.614154,0.140195,0.818182,0.895484,0.084769,0.070013,0.067736,0.40836,0.270588,0.255556,0,0
0.614154,0.140195,0.818182,0.931613,0.061337,0.026621,0.142602,0.209003,0.423529,0.6,0,0
0.614154,0.140195,0.818182,0.931613,0.061337,0.026621,0.142602,0.302251,0.388235,0.555556,0,0
0.614154,0.140195,0.818182,0.963871,0.047898,0.020758,0.203209,0.418006,0.047059,0.8,0,0
0.614154,0.140195,0.818182,0.963871,0.055824,0.023924,0.176471,0.37299,0.105882,0.6,0,0
0.614154,0.140195,0.818182,0.963871,0.055824,0.023924,0.176471,0.215434,0.235294,0.844444,0,0
0.614573,0.140673,0.818182,0.92129,0.133012,0.092295,0.110517,0.353698,0.294118,0.555556,0,0.003411
0.614926,0.141076,0.818182,0.92129,0.133012,0.092295,0.110517,0.446945,0.164706,0.3,0,0.006283
0.737841,0.281367,0.818182,0.927742,0.168849,0.108479,0.139037,0.418006,0.188235,0.9,0,0.006965
0.737929,0.141272,0.818182,0.854194,0.058925,0.055236,0.053476,0.099678,0.647059,0.455556,0,0.007683
0.369608,0.281664,0.818182,0.935484,0.162646,0.10543,0.222816,0.398714,0.129412,1,0,0.009083
0.369895,0.281991,0.818182,0.883871,0.048243,0.03401,0.12656,0.257235,0.352941,0.6,0,0.011417
0.37094,0.283184,0.818182,0.922581,0.059959,0.038935,0.130125,0.289389,0.305882,0.555556,0,0.019926
0.371408,0.283718,0.818182,0.936774,0.067195,0.04175,0.151515,0.356913,0.141176,0.355556,0,0.023732
0.371663,0.284009,0.818182,0.910968,0.172984,0.11059,0.171123,0.299035,0.282353,0.6,0,0.025814
0.371756,0.284115,0.818182,0.930323,0.140593,0.095579,0.14082,0.356913,0.317647,0.055556,0,0.026568
0.494957,0.564928,0.818182,0.929032,0.147829,0.099097,0.098039,0.299035,0.529412,0.4,0,0.029584
0.494988,0.564964,0.818182,0.935484,0.162646,0.10543,0.222816,0.305466,0.211765,0.4,0,0.029835
0.61949,0.566871,0.818182,0.92129,0.125775,0.088894,0.128342,0.327974,0.458824,0.355556,0,0.043442
0.374662,0.287432,0.818182,0.927742,0.168849,0.108479,0.139037,0.414791,0.576471,0.4,0,0.050228
0.380554,0.294157,0.818182,0.889032,0.176085,0.112466,0.089127,0.282958,0.364706,0.6,0,0.098194
0.381131,0.294816,0.818182,0.941935,0.119573,0.085493,0.139037,0.475884,0.141176,0.5,0,0.102897
0.381131,0.154621,0.818182,0.941935,0.119573,0.085493,0.139037,0.475884,0.141176,0.5,0,0.102897
0.382543,0.156232,0.818182,0.92129,0.133012,0.092295,0.110517,0.418006,0.141176,0.3,0,0.114386
0.384743,0.158743,0.818182,0.889032,0.176085,0.112466,0.089127,0.282958,0.364706,0.6,0,0.132302
0.368493,0.140195,0.454545,0.927742,0.118194,0.775419,0.11943,0.508039,0.211765,0.055556,0,0
0.368493,0.140195,0.454545,0.927742,0.146795,0.796294,0.11943,0.398714,0.211765,0.1,0,0
0.368493,0.140195,0.454545,0.854194,0.109235,0.769673,0.053476,0.466238,0.376471,0.5,0,0
0.368493,0.140195,0.454545,0.927742,0.118194,0.775419,0.11943,0.62701,0.105882,0.455556,0,0
0.122831,0,0.454545,0.92,0.139214,0.791251,0.15508,0.292605,0.529412,0.555556,0,0
0.122831,0,0.454545,0.927742,0.146795,0.796294,0.11943,0.501608,0.141176,0.4,0,0
0.122831,0,0.454545,0.953548,0.156444,0.802041,0.156863,0.37299,0.411765,0.255556,0,0
0.122831,0,0.454545,0.953548,0.156444,0.802041,0.156863,0.59164,0.105882,0.555556,0,0
0.122831,0,0.454545,0.938065,0.126809,0.780931,0.092692,0.440514,0.364706,0.355556,0,0
0.122831,0,0.454545,0.953548,0.156444,0.802041,0.156863,0.424437,0.235294,0.055556,0,0
0.12523,0.002738,0.454545,0.854194,0.109235,0.769673,0.053476,0.543408,0.2,0.4,0,0.019531
0.125843,0.003438,0.454545,0.941935,0.163336,0.807083,0.197861,0.469453,0.352941,0.455556,0,0.024522
0.128873,0.006896,0.454545,0.938065,0.126809,0.780931,0.092692,0.578778,0.258824,0.255556,0,0.049187
0.133516,0.012196,0.454545,0.927742,0.146795,0.796294,0.11943,0.5209,0.117647,0.3,0,0.086992
0.144603,0.02485,0.454545,0.941935,0.163336,0.807083,0.197861,0.446945,0.341176,0.4,0,0.177252
0.368493,0.420586,1,0.949677,0.290145,0.563035,0.262032,0.643087,0.164706,0.555556,0,0
0.368493,0.420586,1,0.949677,0.30255,0.571948,0.151515,0.70418,0.141176,0.3,0,0
0.368493,0.420586,1,0.939355,0.497243,0.703999,0.190731,0.186495,0.835294,0.2,0,0
0.491323,0.28039,1,0.578065,0.240179,0.770963,0.01426,0.475884,0.670588,0.7,0,0
0.491323,0.28039,1,0.922581,0.37836,0.620969,0.110517,0.55627,0.329412,0.6,0,0
0.491323,0.28039,1,0.965161,0.476568,0.687581,0.361854,0.691318,0.2,0.6,0,0
0.982647,0.981366,1,0.938065,0.486906,0.696024,0.188948,0.453376,0.529412,0.555556,0,0
0.982647,0.981366,1,0.922581,0.330117,0.722763,0.158645,0.5209,0.317647,0.7,0,0
0,0.140195,1,0.981935,0.3694,0.749619,0.30303,0.463023,0.458824,0.555556,0,0
0,0,1,0.922581,0.339421,0.730972,0.112299,0.620579,0.223529,0.2,0,0
0,0,1,0.947097,0.379394,0.757828,0.171123,0.585209,0.317647,0.5,0,0
0,0,1,0.947097,0.379394,0.757828,0.171123,0.585209,0.317647,0.5,0,0
0,0,1,0.941935,0.390076,0.766272,0.112299,0.495177,0.352941,0.355556,0,0
0,0,1,0.95871,0.255686,0.537938,0.137255,0.533762,0.235294,0.5,0,0
0,0,1,0.922581,0.339421,0.730972,0.112299,0.598071,0.211765,0.255556,0,0
0,0,1,0.934194,0.351826,0.739885,0.103387,0.672026,0.188235,0.3,0,0
0,0,1,0.941935,0.390076,0.766272,0.112299,0.527331,0.341176,0.455556,0,0
0,0,1,0.904516,0.50379,0.711387,0.160428,0.485531,0.329412,0.455556,0,0
0,0,1,0.92129,0.368367,0.612056,0.222816,0.401929,0.6,0.255556,0,0
0,0,1,0.932903,0.413853,0.649349,0.124777,0.623794,0.047059,0.7,0,0
0.614154,0.420586,1,0.938065,0.486906,0.696024,0.188948,0.55627,0.282353,0.655556,0,0
0.614154,0.420586,1,0.922581,0.339421,0.730972,0.112299,0.504823,0.341176,0.2,0,0
0.859816,0.560781,1,0.981935,0.3694,0.749619,0.30303,0.527331,0.423529,0.455556,0,0
0.859816,0.560781,1,0.947097,0.379394,0.757828,0.171123,0.463023,0.376471,0.055556,0,0
0.859816,0.560781,1,0.941935,0.390076,0.766272,0.112299,0.578778,0.352941,0.355556,0,0
0.859816,0.560781,1,0.922581,0.330117,0.722763,0.158645,0.401929,0.517647,0.6,0,0
0.368493,0.28039,1,0.949677,0.290145,0.563035,0.262032,0.598071,0.2,0.655556,0,0
0.245662,0.28039,1,0.938065,0.486906,0.696024,0.188948,0.514469,0.329412,0.5,0,0
0.245662,0.28039,1,0.934194,0.351826,0.739885,0.103387,0.681672,0.082353,0.255556,0,0
0.245662,0.28039,1,0.938065,0.486906,0.696024,0.188948,0.302251,0.847059,0.455556,0,0
0.245662,0.28039,1,0.938065,0.486906,0.696024,0.188948,0.565916,0.282353,0.555556,0,0
0.245662,0.28039,1,0.938065,0.486906,0.696024,0.188948,0.565916,0.282353,0.555556,0,0
0.245662,0.28039,1,0.904516,0.50379,0.711387,0.160428,0.392283,0.6,0.555556,0,0
0.122831,0.28039,1,0.981935,0.3694,0.749619,0.30303,0.575563,0.294118,0.4,0,0
0.122831,0.28039,1,0.922581,0.339421,0.730972,0.112299,0.617363,0.211765,0.3,0,0
0.122831,0.28039,1,0.95871,0.255686,0.537938,0.137255,0.559486,0.247059,0.3,0,0
0.368493,0.420586,1,0.939355,0.497243,0.703999,0.190731,0.26045,0.694118,0.2,0,0
0.368493,0.420586,1,0.939355,0.497243,0.703999,0.190731,0.4791,0.329412,0.555556,0,0
0.368493,0.420586,1,0.965161,0.476568,0.687581,0.361854,0.495177,0.435294,0.6,0,0
0.368493,0.420586,1,0.943226,0.599586,0.812478,0.245989,0.633441,0.682353,0.8,0.15625,0
0.368493,0.420586,1,0.96,0.538249,0.772605,0.240642,0.85209,0.152941,0.255556,0,0
0.368493,0.28039,1,0.887742,0.261544,0.805559,0.089127,0.646302,0.364706,0.4,0,0
0.245662,0.28039,1,0.943226,0.585114,0.802627,0.244207,0.59164,0.517647,0.055556,0,0
0.245662,0.28039,1,0.947097,0.522054,0.762636,0.254902,0.691318,0.105882,0.3,0,0
0.245662,0.28039,1,0.947097,0.522054,0.762636,0.254902,0.604502,0.2,0.3,0,0
0.245662,0.28039,1,0.945806,0.696416,0.770025,0.144385,0.263666,0.705882,0.055556,0,0
0.245662,0.420586,1,0.981935,0.762578,0.810015,0.247772,0.581994,0.317647,0.255556,0,0
0.245662,0.28039,1,0.947097,0.709511,0.779524,0.146168,0.607717,0.458824,0.2,0,0
0.245662,0.28039,1,0.981935,0.778429,0.819514,0.213904,0.678457,0.223529,0.3,0,0
0.245662,0.28039,1,0.967742,0.792557,0.829366,0.149733,0.762058,0.2,0.3,0,0
0.245662,0.28039,1,0.981935,0.778429,0.819514,0.213904,0.733119,0.247059,0.4,0,0
0.245662,0.28039,1,0.929032,0.665059,0.744811,0.121212,0.614148,0.305882,0.355556,0,0
0.245662,0.28039,1,0.979355,0.727085,0.789258,0.16934,0.826367,0.141176,0.2,0,0
0.245662,0.28039,1,0.967742,0.792557,0.829366,0.149733,0.778135,0.211765,0.355556,0,0
0.245662,0.28039,1,0.966452,0.80634,0.838748,0.180036,0.70418,0.411765,0.4,0,0
0.245662,0.28039,1,0.987097,0.746382,0.79993,0.320856,0.919614,0.047059,0.455556,0,0
0.245662,0.28039,1,0.940645,0.852171,0.874751,0.112299,0.585209,0.482353,0.2,0,0
0.245662,0.420586,1,0.940645,0.852171,0.874751,0.112299,0.585209,0.482353,0.2,0,0
0.245662,0.420586,1,0.981935,0.762578,0.810015,0.247772,0.771704,0.223529,0.6,0,0
0.245662,0.420586,1,0.981935,0.762578,0.810015,0.247772,0.697749,0.270588,0.7,0,0
0.122831,0.420586,1,0.927742,0.925913,0.942066,0.098039,0.643087,0.352941,0.355556,0,0
0.368493,0.560781,1,0.912258,0.87009,0.891873,0.172906,0.385852,0.682353,0.255556,0,0
0.368493,0.560781,1,0.971613,0.161268,0.108831,0.190731,0.485531,0.764706,0.455556,0,0
0.368493,0.560781,1,0.945806,0.696416,0.770025,0.144385,0.543408,0.647059,0.2,0,0
0.368493,0.560781,1,0.940645,0.620951,0.709628,0.135472,0.549839,0.541176,0.5,0,0
0.245662,0.420586,1,0.939355,0.817023,0.847543,0.13369,0.498392,0.588235,0.4,0,0
0.245662,0.420586,1,0.912258,0.913508,0.932802,0.099822,0.488746,0.458824,0.3,0,0
0.245662,0.560781,1,0.940645,0.852171,0.874751,0.112299,0.469453,0.482353,0.3,0,0
0.245662,0.560781,1,0.940645,0.852171,0.874751,0.112299,0.463023,0.517647,0.255556,0,0
0.982647,0.981366,1,0.967742,0.792557,0.829366,0.149733,0.536977,0.576471,0.5,0,0
0,0.28039,1,0.967742,0.792557,0.829366,0.149733,0.536977,0.576471,0.5,0,0
0.122831,0.420586,1,0.983226,0.44521,0.679254,0.251337,0.926045,0.141176,0.555556,0,0
0,0,1,0.985806,0.483115,0.701184,0.315508,0.59164,0.505882,0.1,0,0
0.859816,0.560781,1,0.985806,0.483115,0.701184,0.315508,0.85209,0.211765,0.4,0,0
0,0,1,0.994839,0.519986,0.722646,0.245989,0.971061,0.070588,0.455556,0,0
0.122831,0.420586,1,0.996129,0.540662,0.733787,0.201426,0.971061,0.141176,0.2,0,0
0.614154,0.420586,1,1,0.600965,0.766858,0.299465,0.697749,0.317647,0.2,0,0
0.491323,0.28039,1,0.99871,0.620262,0.777882,0.254902,0.623794,0.588235,0.5,0.125,0
0.859816,0.140195,1,0.99871,0.620262,0.777882,0.254902,0.623794,0.588235,0.5,0.125,0
0.122831,0,1,0.99871,0.620262,0.777882,0.254902,0.594855,0.635294,0.5,0.0625,0
0.859816,0.560781,1,0.932903,0.57133,0.873343,0.12656,0.524116,0.682353,0.9,0,0
0.614154,0.420586,1,0.932903,0.57133,0.873343,0.12656,0.762058,0.305882,0.355556,0,0
0.982647,0.981366,1,0.932903,0.57133,0.873343,0.12656,0.762058,0.305882,0.355556,0,0
0.245662,0.28039,1,0.811613,0.191592,0.771315,0.033868,0.823151,0.235294,0.255556,0,0
0.491323,0.28039,1,0.976774,0.499311,0.711622,0.201426,0.752412,0.317647,0.4,0,0
0.00004,0.420631,1,0.943226,0.599586,0.812478,0.245989,0.755627,0.282353,0.555556,0,0.000323
0.73706,0.280476,1,0.975484,0.450034,0.702709,0.404635,0.553055,0.470588,0.4,0,0.00061
0.122923,0.280496,1,0.96,0.538249,0.772605,0.240642,0.639871,0.258824,0.355556,0,0.000754
0.122937,0.000121,1,0.96,0.538249,0.772605,0.240642,0.700965,0.247059,0.3,0,0.000862
0.123021,0.280607,1,0.932903,0.57133,0.873343,0.12656,0.514469,0.552941,0.555556,0,0.001544
0.737214,0.280652,1,0.947097,0.522054,0.762636,0.254902,0.630225,0.482353,0.3,0,0.001867
0.737223,0.280662,1,0.947097,0.709511,0.779524,0.146168,0.790997,0.235294,0.1,0,0.001939
0.614397,0.280667,1,0.990968,0.340455,0.592706,0.235294,0.678457,0.188235,0.455556,0,0.001975
0.614423,0.140502,1,0.92129,0.368367,0.612056,0.222816,0.610932,0.423529,0.944444,0,0.00219
0.860116,0.561123,1,0.96,0.538249,0.772605,0.240642,0.790997,0.117647,0.3,0,0.002441
0.860116,0.420928,1,0.974194,0.400069,0.672218,0.196078,0.617363,0.341176,0.255556,0,0.002441
0.614485,0.420963,1,0.948387,0.311854,0.58133,0.171123,0.594855,0.647059,0.2,0,0.002693
0.614489,0.420968,1,0.943226,0.599586,0.812478,0.245989,0.790997,0.270588,0.655556,0,0.002729
0.614494,0.420973,1,0.990968,0.340455,0.592706,0.235294,0.694534,0.2,0.555556,0,0.002765
0.614503,0.420983,1,0.967742,0.34838,0.636097,0.26025,0.639871,0.458824,0.8,0,0.002836
0.860213,0.561234,1,0.987097,0.450034,0.66952,0.185383,0.810289,0.082353,0.4,0,0.003231
0.491795,0.280929,1,0.981935,0.3694,0.749619,0.30303,0.488746,0.329412,0.7,0,0.003842
0.860358,0.5614,1,0.947097,0.709511,0.779524,0.146168,0.749196,0.164706,0.155556,0,0.004416
0.737554,0.28104,1,0.983226,0.44521,0.679254,0.251337,0.681672,0.294118,0.6,0,0.004631
0.369101,0.281085,1,0.943226,0.585114,0.802627,0.244207,0.691318,0.294118,0.155556,0,0.004955
0.00067,0.281155,1,0.944516,0.372502,0.653923,0.142602,0.617363,0.270588,0.255556,0,0.005457
0.000688,0.281176,1,0.981935,0.3694,0.749619,0.30303,0.456592,0.376471,0.1,0,0.005601
0.614842,0.421371,1,0.934194,0.482426,0.728509,0.12656,0.549839,0.282353,0.355556,0,0.005601
0.12355,0.421406,1,0.947097,0.379394,0.757828,0.171123,0.5209,0.352941,0.355556,0,0.005852
0.123554,0.421411,1,0.947097,0.379394,0.757828,0.171123,0.588424,0.235294,0.4,0,0.005888
0.860654,0.561737,1,0.987097,0.450034,0.66952,0.185383,0.581994,0.305882,0.4,0,0.006822
0.000856,0.141172,1,0.940645,0.939697,0.951331,0.137255,0.427653,0.670588,0.844444,0,0.006965
0.860676,0.561762,1,0.978065,0.476568,0.798874,0.356506,0.868167,0.176471,0.5,0,0.007001
0.492205,0.281397,1,0.985806,0.483115,0.701184,0.315508,0.70418,0.329412,0.655556,0,0.007181
0.737898,0.281432,1,0.984516,0.463129,0.690043,0.379679,0.913183,0.152941,0.355556,0,0.007432
0.860773,0.561873,1,0.932903,0.57133,0.873343,0.12656,0.607717,0.658824,0.8,0.21875,0.007791
0.123841,0.421738,1,0.947097,0.379394,0.757828,0.171123,0.463023,0.376471,0.055556,0,0.008222
0.860852,0.561964,1,0.947097,0.709511,0.779524,0.146168,0.826367,0.211765,0.2,0,0.008437
0.001076,0.421814,1,0.945806,0.696416,0.770025,0.144385,0.729904,0.317647,0.555556,0,0.00876
0.615244,0.281634,1,0.96,0.538249,0.772605,0.240642,0.62701,0.294118,0,0,0.008868
0.738092,0.281654,1,0.997419,0.434183,0.659787,0.294118,0.681672,0.211765,0.455556,0,0.009012
0.615279,0.421869,1,0.987097,0.450034,0.66952,0.185383,0.594855,0.352941,0.2,0,0.009155
0.124017,0.42194,1,0.863226,0.307719,0.705641,0.117647,0.488746,0.411765,0.4,0,0.009658
0.124039,0.001379,1,0.938065,0.486906,0.696024,0.188948,0.575563,0.282353,0.555556,0,0.009837
0.369714,0.42198,1,1,0.600965,0.766858,0.299465,0.977492,0.129412,0.3,0,0.009945
0.124097,0.001445,1,0.943226,0.599586,0.812478,0.245989,0.649518,0.458824,0.8,0,0.010304
0.124176,0.422121,1,0.940645,0.620951,0.709628,0.135472,0.726688,0.247059,0.4,0,0.01095
0.615517,0.422141,1,0.947097,0.522054,0.762636,0.254902,0.578778,0.376471,0.4,0,0.011094
0.369904,0.422196,1,0.940645,0.620951,0.709628,0.135472,0.720257,0.341176,0.4,0,0.011489
0.247117,0.282051,1,0.940645,0.383529,0.662718,0.158645,0.289389,0.811765,0.8,0,0.011848
0.124295,0.282062,1,0.967742,0.792557,0.829366,0.149733,0.536977,0.576471,0.5,0,0.01192
0.001543,0.422347,1,0.922581,0.330117,0.722763,0.158645,0.385852,0.447059,0.155556,0,0.012566
0.615755,0.422413,1,0.940645,0.620951,0.709628,0.135472,0.710611,0.211765,0.355556,0,0.013033
0.738859,0.28253,1,0.940645,0.383529,0.662718,0.158645,0.617363,0.317647,0.3,0,0.015259
0.861756,0.562995,1,0.947097,0.522054,0.762636,0.254902,0.543408,0.447059,0.255556,0,0.015797
0.493321,0.563061,1,0.922581,0.330117,0.722763,0.158645,0.581994,0.282353,0.5,0,0.016264
0.370561,0.422946,1,0.922581,0.339421,0.730972,0.112299,0.546624,0.341176,0.255556,0,0.016838
0.125018,0.002497,1,0.967742,0.792557,0.829366,0.149733,0.794212,0.188235,0.355556,0,0.017808
0.739292,0.423218,1,0.904516,0.50379,0.711387,0.160428,0.392283,0.6,0.555556,0,0.018777
0.616712,0.423505,1,0.932903,0.55858,0.863727,0.180036,0.787781,0.235294,0.155556,0,0.020824
0.8624,0.143145,1,0.987097,0.746382,0.79993,0.320856,0.836013,0.164706,0.155556,0,0.021039
0.371297,0.283592,1,0.947097,0.60958,0.700598,0.171123,0.678457,0.294118,0.4,0,0.022834
0.739821,0.283627,1,0.967742,0.792557,0.829366,0.149733,0.688103,0.447059,0.4,0,0.023085
0.739821,0.283627,1,0.987097,0.746382,0.79993,0.320856,0.681672,0.4,0.555556,0,0.023085
0.739825,0.143437,1,0.811613,0.191592,0.771315,0.033868,0.823151,0.2,0.255556,0,0.023121
0.371377,0.283682,1,0.975484,0.573742,0.793362,0.231729,0.630225,0.447059,0.3,0,0.02348
0.371562,0.283894,1,0.970323,0.463818,0.678785,0.269162,0.598071,0.223529,0.5,0,0.024988
0.372029,0.284427,1,0.974194,0.400069,0.672218,0.196078,0.697749,0.305882,0.2,0,0.028794
0.003788,0.144519,1,0.997419,0.561337,0.744811,0.249554,0.919614,0.176471,0.5,0,0.03084
0.37232,0.424955,1,0.987097,0.450034,0.66952,0.185383,0.707395,0.152941,0.255556,0,0.031164
0.617995,0.42497,1,0.981935,0.3694,0.749619,0.30303,0.720257,0.082353,0.455556,0,0.031271
0.863719,0.565235,1,0.966452,0.333563,0.626363,0.256684,0.839228,0.2,0.4,0,0.031774
0.24975,0.285056,1,0.947097,0.522054,0.762636,0.254902,0.575563,0.505882,0.455556,0,0.033282
0.372775,0.145083,1,0.926452,0.674363,0.752903,0.290553,0.308682,0.858824,0.5,0,0.034862
0.127245,0.005038,1,0.981935,0.3694,0.749619,0.30303,0.720257,0.082353,0.455556,0,0.035939
0.741404,0.285434,1,0.970323,0.463818,0.678785,0.269162,0.684887,0.247059,0.555556,0,0.035975
0.37296,0.285489,1,0.974194,0.417643,0.682538,0.229947,0.424437,0.6,0.4,0,0.03637
0.741545,0.42579,1,0.940645,0.472088,0.719831,0.112299,0.536977,0.305882,0.3,0,0.037123
0.864588,0.566227,1,0.99871,0.620262,0.777882,0.254902,0.807074,0.564706,0.5,1,0.038847
0.373414,0.566398,1,0.811613,0.191592,0.771315,0.033868,0.610932,0.647059,0.7,0,0.040067
0.865187,0.566912,1,0.940645,0.939697,0.951331,0.137255,0.614148,0.341176,0.455556,0,0.04373
0.374966,0.287779,1,0.99871,0.620262,0.777882,0.254902,0.967846,0.141176,0.2,0,0.052705
0.006765,0.428307,1,0.966452,0.80634,0.838748,0.180036,0.601286,0.6,0.5,0,0.055075
0.620968,0.288167,1,0.965161,0.476568,0.687581,0.361854,0.665595,0.188235,0.755556,0,0.05547
0.989703,0.288444,1,0.940645,0.620951,0.709628,0.135472,0.601286,0.411765,0.2,0,0.057444
0.375694,0.428805,1,0.929032,0.665059,0.744811,0.121212,0.450161,0.564706,0.255556,0,0.058629
0.867048,0.569036,1,0.985806,0.483115,0.701184,0.315508,0.778135,0.223529,0.355556,0,0.058881
0.134297,0.013087,1,0.965161,0.476568,0.687581,0.361854,0.093248,0.952941,0.6,0,0.093347
0.011656,0.013303,1,0.983226,0.44521,0.679254,0.251337,0.993569,0.117647,0.4,0,0.094891
0.749659,0.435052,1,0.981935,0.778429,0.819514,0.213904,0.678457,0.223529,0.3,0,0.103185
0.628297,0.156337,1,0.922581,0.339421,0.730972,0.112299,0.450161,0.517647,0.3,0,0.11514
0.386371,0.300796,1,0.99871,0.620262,0.777882,0.254902,1,0.129412,0.255556,0,0.14555
0.141736,0.301969,1,0.940645,0.852171,0.874751,0.112299,0.588424,0.505882,0.255556,0,0.153915
0.756089,0.302195,1,0.996129,0.540662,0.733787,0.201426,0.813505,0.164706,0.455556,0,0.155531
0.143425,0.303896,1,0.985806,0.483115,0.701184,0.315508,0.553055,0.658824,0.8,0,0.167666
0.267531,0.305351,1,0.978065,0.476568,0.798874,0.356506,0.858521,0.164706,0.5,0,0.178042
0.515265,0.307717,1,0.811613,0.191592,0.771315,0.033868,0.633441,0.658824,0.6,0,0.194916
0.148541,0.309735,1,0.948387,0.278084,0.554591,0.212121,0.575563,0.223529,0.455556,0,0.209313
0.891259,0.596669,1,0.948387,0.278084,0.554591,0.212121,0.456592,0.329412,0.4,0,0.255987
0.282154,0.322042,1,0.941935,0.655755,0.736484,0.139037,0.569132,0.411765,0.4,0,0.297095
0.936827,0.508484,1,0.967742,0.792557,0.829366,0.149733,0.633441,0.317647,0.2,0,0.62697
0.941736,0.514086,1,0.941935,0.655755,0.736484,0.139037,0.771704,0.247059,0.455556,0,0.66693
0.700801,0.519482,1,0.938065,0.486906,0.696024,0.188948,0.559486,0.305882,0.6,0,0.705418
0.736985,0.28039,0.909091,0.932903,0.442453,0.802979,0.124777,0.350482,0.564706,0.555556,0,0
0.614154,0.140195,0.909091,0.952258,0.299449,0.810015,0.12656,0.662379,0.294118,0.4,0,0
0.122831,0.420586,0.909091,0.952258,0.299449,0.810015,0.12656,0.501608,0.423529,0.755556,0,0
0.859816,0.560781,0.909091,0.956129,0.248449,0.826903,0.402852,0.549839,0.270588,0.4,0,0
0.368493,0.140195,0.909091,0.931613,0.432116,0.795825,0.124777,0.614148,0.317647,0.2,0,0
0.245662,0.28039,0.909091,0.957419,0.455548,0.811188,0.163993,0.778135,0.070588,0.455556,0,0
0.736985,0.28039,0.909091,0.962581,0.482771,0.827958,0.247772,0.665595,0.341176,0.555556,0,0
0.122831,0.28039,0.909091,0.932903,0.442453,0.802979,0.124777,0.517685,0.294118,0.255556,0,0
0.245662,0.28039,0.909091,0.943226,0.266713,0.840155,0.163993,0.543408,0.270588,0.255556,0,0
0.122831,0.28039,0.909091,0.950968,0.402481,0.774129,0.217469,0.540193,0.223529,0.6,0,0
0.614154,0.140195,0.909091,0.931613,0.432116,0.795825,0.124777,0.553055,0.388235,0.1,0,0
0.368493,0.28039,0.909091,0.963871,0.497243,0.836754,0.144385,0.900322,0.105882,0.255556,0,0
0.368493,0.28039,0.909091,0.965161,0.510682,0.845198,0.144385,0.662379,0.282353,0.355556,0,0
0.614154,0.420586,0.909091,0.975484,0.289456,0.802627,0.283422,0.745981,0.105882,0.355556,0,0
0.122831,0,0.909091,0.901935,0.312543,0.823267,0.12656,0.289389,0.741176,0.8,0,0
0.245662,0.28039,0.909091,0.901935,0.236389,0.819632,0.103387,0.59164,0.258824,0.155556,0,0
0.368493,0.28039,0.909091,0.941935,0.25672,0.833118,0.139037,0.498392,0.282353,0.355556,0,0
0.122831,0,0.909091,0.943226,0.266713,0.840155,0.163993,0.610932,0.2,0.255556,0,0
0.859816,0.560781,0.909091,0.923871,0.274294,0.847074,0.112299,0.514469,0.552941,0.455556,0,0
0.122831,0.420586,0.909091,0.952258,0.299449,0.810015,0.12656,0.559486,0.388235,0.255556,0,0
0.368493,0.560781,0.909091,0.92129,0.281875,0.853524,0.110517,0.344051,0.694118,0.5,0,0
0.859816,0.560781,0.909091,0.975484,0.289456,0.802627,0.283422,0.762058,0.105882,0.4,0,0
0.368493,0.560781,0.909091,0.931613,0.432116,0.795825,0.124777,0.401929,0.647059,0.355556,0,0
0.368493,0.28039,0.909091,0.957419,0.468298,0.819163,0.163993,0.598071,0.023529,0.1,0,0
0.245662,0.28039,0.909091,0.957419,0.468298,0.819163,0.163993,0.819936,0.105882,0.2,0,0
0.368493,0.28039,0.909091,0.923871,0.274294,0.847074,0.112299,0.501608,0.564706,0.5,0,0
0.368493,0.28039,0.909091,0.950968,0.402481,0.774129,0.217469,0.66881,0.258824,0.455556,0,0
0.368493,0.560781,0.909091,0.950968,0.402481,0.774129,0.217469,0.559486,0.211765,0.555556,0,0
0.614154,0.420586,0.909091,0.950968,0.402481,0.774129,0.217469,0.559486,0.211765,0.655556,0,0
0.614154,0.140195,0.909091,0.975484,0.289456,0.802627,0.283422,0.498392,0.258824,0.355556,0,0
0.245662,0.28039,0.909091,0.962581,0.482771,0.827958,0.247772,0.81672,0.176471,0.1,0,0
0.491323,0.28039,0.909091,0.957419,0.468298,0.819163,0.163993,0.620579,0,0.055556,0,0
0.122831,0.420586,0.909091,0.957419,0.468298,0.819163,0.163993,0.745981,0.141176,0.2,0,0
0.736985,0.560781,0.909091,0.957419,0.468298,0.819163,0.163993,0.649518,0.223529,0.2,0,0
0.736985,0.28039,0.909091,0.965161,0.510682,0.845198,0.144385,0.742765,0.247059,0.355556,0,0
0.736985,0.28039,0.909091,0.916129,0.30634,0.816817,0.085561,0.501608,0.576471,0.1,0,0
0.736985,0.28039,0.909091,0.952258,0.413508,0.781635,0.153298,0.70418,0.164706,0.455556,0,0
0.122831,0.420586,0.909091,0.952258,0.299449,0.810015,0.12656,0.581994,0.352941,0.3,0,0
0.982647,0.28039,0.909091,0.901935,0.312543,0.823267,0.12656,0.488746,0.482353,0.555556,0,0
0.368493,0.420586,0.909091,0.916129,0.30634,0.816817,0.085561,0.662379,0.282353,0.355556,0,0
0.736985,0.560781,0.909091,0.943226,0.266713,0.840155,0.163993,0.536977,0.235294,0.255556,0,0
0.859816,0.560781,0.909091,0.950968,0.423846,0.789023,0.151515,0.652733,0.317647,0.555556,0,0
0.736985,0.420586,0.909091,0.847742,0.249139,0.778703,0.057041,0.504823,0.352941,0.3,0,0
0.614154,0.28039,0.909091,0.975484,0.289456,0.802627,0.283422,0.565916,0.411765,0.555556,0,0
0.859816,0.560781,0.909091,0.965161,0.510682,0.845198,0.144385,0.482315,0.329412,0.3,0,0
0.859816,0.560781,0.909091,0.967742,0.274983,0.7943,0.319073,0.495177,0.317647,0.3,0,0
0.614154,0.420586,0.909091,0.950968,0.423846,0.789023,0.151515,0.482315,0.505882,0.1,0,0
0.614154,0.420586,0.909091,0.931613,0.432116,0.795825,0.124777,0.430868,0.6,0.3,0,0
0.614154,0.420586,0.909091,0.914839,0.28601,0.828427,0.101604,0.540193,0.435294,0.2,0,0
0.245662,0.560781,0.909091,0.950968,0.360786,0.879794,0.176471,0.44373,0.352941,0.155556,0,0
0.245662,0.560781,0.909091,0.950968,0.360786,0.879794,0.176471,0.729904,0.141176,0.2,0,0
0.614154,0.420586,0.909091,0.950968,0.360786,0.879794,0.176471,0.742765,0.141176,0.255556,0,0
0,0.28039,0.909091,0.409032,0.15541,0.819397,0.00713,0.321543,0.741176,0.655556,0,0
0.736985,0.28039,0.909091,0.953548,0.393866,0.902076,0.156863,0.710611,0.141176,0.5,0,0
0.245662,0.28039,0.909091,0.935484,0.460372,0.949455,0.128342,0.524116,0.176471,0.255556,0,0
0.122831,0.28039,0.909091,0.950968,0.327705,0.857863,0.153298,0.527331,0.105882,0.6,0,0
0.122831,0.28039,0.909091,0.956129,0.406272,0.909581,0.13369,0.623794,0.141176,0.2,0,0
0.736985,0.28039,0.909091,0.948387,0.348725,0.872053,0.149733,0.707395,0.141176,0.3,0,0
0.614154,0.140195,0.909091,0.948387,0.348725,0.872053,0.149733,0.70418,0.141176,0.3,0,0
0.122831,0.28039,0.909091,0.948387,0.348725,0.872053,0.149733,0.610932,0.2,0.2,0,0
0.614154,0.420586,0.909091,0.948387,0.348725,0.872053,0.149733,0.562701,0.235294,0.155556,0,0
0.368493,0.28039,0.909091,0.940645,0.369745,0.886713,0.110517,0.508039,0.423529,0.555556,0,0
0.245662,0.28039,0.909091,0.940645,0.369745,0.886713,0.110517,0.244373,0.835294,0.155556,0,0
0.368493,0.420586,0.909091,0.940645,0.369745,0.886713,0.110517,0.549839,0.341176,0.2,0,0
0.368493,0.28039,0.909091,0.944516,0.381116,0.894101,0.115865,0.434084,0.423529,0.2,0,0
0.614154,0.420586,0.909091,0.939355,0.444521,0.937258,0.13369,0.59164,0.258824,0.155556,0,0
0.491323,0.28039,0.909091,0.947097,0.337354,0.864782,0.171123,0.254019,0.705882,0.355556,0,0
0.614154,0.140195,0.909091,0.947097,0.337354,0.864782,0.171123,0.488746,0.494118,0.455556,0,0
0,0.28039,0.909091,0.952258,0.416609,0.916852,0.181818,0.440514,0.470588,0.355556,0,0
0.614154,0.420586,0.909091,0.952258,0.416609,0.916852,0.181818,0.562701,0.282353,0.255556,0,0
0.245662,0.420586,0.909091,0.934194,0.452102,0.943122,0.222816,0.456592,0.141176,0.355556,0,0
0.614154,0.420586,0.909091,0.932903,0.948312,0.958368,0.12656,0.37299,0.729412,0.8,0,0
0,0.28039,0.909091,0.916129,0.985872,0.986748,0.121212,0.553055,0.352941,0.355556,0,0
0.491323,0.28039,0.909091,0.923871,0.99552,0.993784,0.131907,0.450161,0.505882,0.355556,0,0
0.614154,0.420586,0.909091,0.916129,0.977946,0.980532,0.180036,0.266881,0.729412,0.4,0,0
0.6143,0.420752,0.909091,0.934194,0.31082,0.856339,0.128342,0.543408,0.364706,0.2,0,0.001185
0.368673,0.140402,0.909091,0.914839,0.28601,0.828427,0.101604,0.4791,0.447059,0.555556,0,0.001472
0.245851,0.140412,0.909091,0.932903,0.442453,0.802979,0.124777,0.62701,0.270588,0.2,0,0.001544
0.737192,0.280627,0.909091,0.931613,0.432116,0.795825,0.124777,0.633441,0.282353,0.155556,0,0.001687
0.368722,0.280652,0.909091,0.896774,0.186423,0.849537,0.206774,0.418006,0.576471,0.3,0,0.001867
0.000318,0.280753,0.909091,0.935484,0.321158,0.863727,0.149733,0.646302,0.388235,0.4,0,0.002585
0.123254,0.140678,0.909091,0.847742,0.249139,0.778703,0.057041,0.707395,0.152941,0.355556,0,0.003447
0.368938,0.140704,0.909091,0.956129,0.406272,0.909581,0.13369,0.469453,0.152941,0.4,0,0.003626
0.737466,0.280939,0.909091,0.952258,0.416609,0.916852,0.181818,0.5209,0.317647,0.2,0,0.003913
0.614648,0.140759,0.909091,0.967742,0.274983,0.7943,0.319073,0.691318,0.117647,0.455556,0,0.004021
0.860372,0.561415,0.909091,0.947097,0.337354,0.864782,0.171123,0.598071,0.235294,0.5,0,0.004524
0.123475,0.281125,0.909091,0.975484,0.289456,0.802627,0.283422,0.575563,0.376471,0.5,0,0.005242
0.123475,0.42132,0.909091,0.963871,0.497243,0.836754,0.144385,0.881029,0.141176,0.255556,0,0.005242
0.860464,0.561521,0.909091,0.940645,0.369745,0.886713,0.110517,0.585209,0.305882,0.155556,0,0.005278
0.614851,0.140991,0.909091,0.953548,0.393866,0.902076,0.156863,0.562701,0.305882,0.155556,0,0.005673
0.860526,0.561591,0.909091,0.963871,0.497243,0.836754,0.144385,0.848875,0.141176,0.2,0,0.00578
0.614877,0.141021,0.909091,0.947097,0.337354,0.864782,0.171123,0.340836,0.576471,0.355556,0,0.005888
0.123576,0.000851,0.909091,0.950968,0.402481,0.774129,0.217469,0.540193,0.223529,0.6,0,0.006068
0.000758,0.281256,0.909091,0.947097,0.337354,0.864782,0.171123,0.565916,0.376471,0.255556,0,0.006175
0.492095,0.281271,0.909091,0.934194,0.452102,0.943122,0.222816,0.440514,0.270588,0.555556,0,0.006283
0.246522,0.281372,0.909091,0.952258,0.413508,0.781635,0.153298,0.501608,0.482353,0.155556,0,0.007001
0.49221,0.281402,0.909091,0.916129,0.30634,0.816817,0.085561,0.501608,0.611765,0.2,0,0.007216
0.492219,0.281412,0.909091,0.947097,0.337354,0.864782,0.171123,0.59164,0.329412,0.355556,0,0.007288
0.369432,0.281462,0.909091,0.947097,0.298415,0.836402,0.16934,0.511254,0.458824,0.3,0,0.007647
0.737947,0.281488,0.909091,0.929032,0.467953,0.95567,0.121212,0.344051,0.282353,0.255556,0,0.007827
0.737947,0.281488,0.909091,0.939355,0.444521,0.937258,0.13369,0.440514,0.423529,0.455556,0,0.007827
0.738118,0.281684,0.909091,0.957419,0.455548,0.811188,0.163993,0.633441,0.235294,0.155556,0,0.009227
0.369785,0.281865,0.909091,0.944516,0.381116,0.894101,0.115865,0.440514,0.447059,0.2,0,0.01052
0.369846,0.281936,0.909091,0.931613,0.432116,0.795825,0.124777,0.498392,0.282353,0.2,0,0.011022
0.615623,0.141871,0.909091,0.948387,0.348725,0.872053,0.149733,0.684887,0.141176,0.4,0,0.011956
0.61576,0.142027,0.909091,0.926452,0.329428,0.870881,0.203209,0.585209,0.470588,0.5,0,0.013069
0.001636,0.282258,0.909091,0.947097,0.337354,0.864782,0.171123,0.254019,0.705882,0.355556,0,0.01332
0.61579,0.422453,0.909091,0.932903,0.948312,0.958368,0.12656,0.395498,0.717647,0.8,0,0.01332
0.370159,0.142098,0.909091,0.950968,0.327705,0.857863,0.153298,0.546624,0.105882,0.5,0,0.013571
0.738718,0.282369,0.909091,0.940645,0.369745,0.886713,0.110517,0.549839,0.341176,0.2,0,0.01411
0.37023,0.142178,0.909091,0.952258,0.416609,0.916852,0.181818,0.485531,0.352941,0.4,0,0.014146
0.615896,0.422574,0.909091,0.882581,1,1,0.071301,0.475884,0.611765,0.5,0,0.014182
0.616099,0.422805,0.909091,0.956129,0.406272,0.909581,0.13369,0.623794,0.152941,0.655556,0,0.015833
0.370442,0.42281,0.909091,0.895484,0.179876,0.843204,0.096257,0.369775,0.482353,0.155556,0,0.015869
0.370645,0.423042,0.909091,0.92129,0.281875,0.853524,0.110517,0.517685,0.352941,0.2,0,0.017521
0.616337,0.423077,0.909091,0.934194,0.300138,0.848833,0.14795,0.662379,0.364706,0.4,0,0.017772
0.370777,0.423193,0.909091,0.914839,0.28601,0.828427,0.101604,0.694534,0.235294,0.355556,0,0.018598
0.739336,0.283073,0.909091,0.950968,0.423846,0.789023,0.151515,0.697749,0.2,0.7,0,0.019136
0.248153,0.283234,0.909091,0.944516,0.381116,0.894101,0.115865,0.607717,0.235294,0.255556,0,0.020285
0.371064,0.42352,0.909091,0.939355,0.444521,0.937258,0.13369,0.469453,0.329412,0.3,0,0.020931
0.493956,0.283395,0.909091,0.947097,0.337354,0.864782,0.171123,0.530547,0.411765,0.2,0,0.021434
0.616818,0.423626,0.909091,0.892903,0.288422,0.841093,0.065954,0.630225,0.223529,0.2,0,0.021685
0.616844,0.423656,0.909091,0.939355,0.444521,0.937258,0.13369,0.321543,0.6,0.5,0,0.021901
0.862718,0.564093,0.909091,0.948387,0.348725,0.872053,0.149733,0.707395,0.141176,0.3,0,0.023624
0.125936,0.003544,0.909091,0.932903,0.442453,0.802979,0.124777,0.495177,0.364706,0.3,0,0.025276
0.617334,0.424215,0.909091,0.956129,0.406272,0.909581,0.13369,0.469453,0.152941,0.4,0,0.025886
0.371712,0.42426,0.909091,0.931613,0.432116,0.795825,0.124777,0.604502,0.317647,0.2,0,0.026209
0.494547,0.28407,0.909091,0.947097,0.337354,0.864782,0.171123,0.424437,0.447059,0.655556,0,0.026245
0.863115,0.564546,0.909091,0.940645,0.369745,0.886713,0.110517,0.659164,0.235294,0.2,0,0.026855
0.863256,0.564707,0.909091,0.923871,0.99552,0.993784,0.131907,0.569132,0.341176,0.3,0,0.028004
0.986228,0.564868,0.909091,0.952258,0.416609,0.916852,0.181818,0.607717,0.282353,0.2,0,0.029153
0.863966,0.285127,0.909091,0.957419,0.455548,0.811188,0.163993,0.710611,0.117647,0.4,0,0.033785
0.127223,0.285404,0.909091,0.923871,0.99552,0.993784,0.131907,0.450161,0.505882,0.355556,0,0.035759
0.250539,0.285957,0.909091,0.957419,0.468298,0.819163,0.163993,0.620579,0,0.055556,0,0.039708
0.496201,0.426152,0.909091,0.932903,0.948312,0.958368,0.12656,0.37299,0.729412,0.8,0,0.039708
0.619102,0.286038,0.909091,0.935484,0.424879,0.92342,0.151515,0.4791,0.305882,0.2,0,0.040283
0.741942,0.286048,0.909091,0.932903,0.442453,0.802979,0.124777,0.376206,0.517647,0.655556,0,0.040355
0.741977,0.286088,0.909091,0.578065,0.240179,0.770963,0.01426,0.655949,0.270588,0.355556,0,0.040642
0.864901,0.566584,0.909091,0.932903,0.442453,0.802979,0.124777,0.623794,0.211765,0.2,0,0.041396
0.005574,0.146557,0.909091,0.935484,0.321158,0.863727,0.149733,0.469453,0.376471,0.5,0,0.045381
0.12859,0.286964,0.909091,0.947097,0.337354,0.864782,0.171123,0.598071,0.235294,0.5,0,0.046889
0.620456,0.427778,0.909091,0.950968,0.360786,0.879794,0.176471,0.726688,0.152941,0.155556,0,0.051305
0.374918,0.427919,0.909091,0.957419,0.468298,0.819163,0.163993,0.639871,0.223529,0.155556,0,0.05231
0.37539,0.148067,0.909091,0.935484,0.424879,0.92342,0.151515,0.620579,0.152941,0.455556,0,0.056152
0.498909,0.569438,0.909091,0.932903,0.442453,0.802979,0.124777,0.594855,0.258824,0.2,0,0.061753
0.00807,0.009211,0.909091,0.923871,0.99552,0.993784,0.131907,0.26045,0.741176,0.4,0,0.065702
0.991127,0.430265,0.909091,0.950968,0.402481,0.774129,0.217469,0.559486,0.211765,0.655556,0,0.069041
0.99148,0.430667,0.909091,0.944516,0.381116,0.894101,0.115865,0.559486,0.352941,0.3,0,0.071913
0.255985,0.292174,0.909091,0.967742,0.274983,0.7943,0.319073,0.675241,0.129412,0.5,0,0.084048
0.993491,0.993744,0.909091,0.926452,0.329428,0.870881,0.203209,0.59164,0.470588,0.555556,0,0.088285
0.871339,0.573933,0.909091,0.975484,0.289456,0.802627,0.283422,0.575563,0.376471,0.5,0,0.093814
0.135263,0.29458,0.909091,0.939355,0.444521,0.937258,0.13369,0.614148,0.235294,0.2,0,0.10121
0.135831,0.014838,0.909091,0.950968,0.423846,0.789023,0.151515,0.472669,0.529412,0.1,0,0.105841
0.627464,0.435776,0.909091,0.934194,0.31082,0.856339,0.128342,0.594855,0.364706,0.255556,0,0.108355
0.381864,0.435847,0.909091,0.901935,0.312543,0.823267,0.12656,0.327974,0.682353,0.655556,0,0.108857
0.382481,0.156161,0.909091,0.957419,0.455548,0.811188,0.163993,0.553055,0.047059,0.1,0,0.113884
0.015153,0.297685,0.909091,0.956129,0.406272,0.909581,0.13369,0.536977,0.223529,0.755556,0,0.123362
0.629977,0.158255,0.909091,0.962581,0.482771,0.827958,0.247772,0.527331,0.4,0.355556,0,0.128819
0.753615,0.299371,0.909091,0.92129,0.281875,0.853524,0.110517,0.424437,0.494118,0.455556,0,0.135389
1,0.300197,0.909091,0.935484,0.321158,0.863727,0.149733,0.424437,0.494118,0.5,0,0.141277
0.758396,0.445023,0.909091,0.965161,0.510682,0.845198,0.144385,0.665595,0.282353,0.5,0,0.174308
0.516037,0.308598,0.909091,0.940645,0.369745,0.886713,0.110517,0.66881,0.223529,0.2,0,0.201199
0.888084,0.593045,0.909091,0.965161,0.510682,0.845198,0.144385,0.839228,0.129412,0.3,0,0.230137
0.645359,0.456202,0.909091,0.932903,0.948312,0.958368,0.12656,0.633441,0.329412,0.4,0,0.254048
0.161855,0.324931,0.909091,0.957419,0.455548,0.811188,0.163993,0.778135,0.070588,0.455556,0,0.317704
0.164805,0.468494,0.909091,0.965161,0.510682,0.845198,0.144385,0.823151,0.141176,0.3,0,0.341723
0.905411,0.893211,0.909091,0.932903,0.442453,0.802979,0.124777,0.530547,0.329412,0.255556,0,0.371199
0.169427,0.333573,0.909091,0.847742,0.249139,0.778703,0.057041,0.710611,0.247059,0.3,0,0.379349
0.928118,0.638738,0.909091,0.952258,0.413508,0.781635,0.153298,0.498392,0.117647,0.3,0,0.556062
0.088614,0.241336,0.909091,0.952258,0.413508,0.781635,0.153298,0.514469,0.364706,0.155556,0,0.72143
0.953695,0.667932,0.909091,0.932903,0.442453,0.802979,0.124777,0.533762,0.294118,0.2,0,0.764298
0.122831,0,0.272727,0.872258,0.090627,0.104609,0.090909,0.228296,0.341176,0.455556,0,0
0.859816,0.560781,0.272727,0.815484,0.006547,0,0.062389,0.360129,0.705882,0.155556,0,0
0.122831,0.28039,0.272727,0.894194,0.055479,0.04175,0.067736,0.418006,0.423529,0.255556,0,0
0,0.140195,0.272727,0.829677,0.076499,0.09077,0.040998,0.466238,0.058824,0.3,0,0
0.245662,0.28039,0.272727,0.932903,0.04652,0.020758,0.219251,0.495177,0.141176,0.6,0,0
0.738462,0.282077,0.272727,0.892903,0.082012,0.039522,0.065954,0.279743,0.576471,0.3,0,0.012027
0.002033,0.142516,0.272727,0.810323,0.027567,0.055471,0.048128,0.115756,0.458824,0.6,0,0.016551
0.864636,0.566282,0.272727,0.810323,0.027567,0.055471,0.048128,0.115756,0.458824,0.6,0,0.039242
0.149789,0.31116,0.272727,0.932903,0.04652,0.020758,0.219251,0.369775,0.211765,1,0,0.219474
0,0.28039,0.545455,0.975484,0.32805,0.225284,1,0.604502,0.341176,0.455556,0,0
0.122831,0.420586,0.545455,0.96,0.61785,0.495954,0.196078,0.643087,0.388235,0.1,0,0
0.859816,0.560781,0.545455,0.925161,0.304618,0.33177,0.114082,0.424437,0.352941,0.2,0,0
0.859816,0.560781,0.545455,0.935484,0.505513,0.433095,0.226381,0.559486,0.329412,0.5,0,0
0.122831,0.420586,0.545455,0.447742,0.240868,0.264923,0.00713,0.270096,0.882353,0.255556,0,0
0,0.140195,0.545455,0.925161,0.317712,0.340331,0.13369,0.594855,0.117647,0.5,0,0
0.491323,0.28039,0.545455,0.934194,0.320469,0.26293,0.12656,0.546624,0.270588,0.455556,0,0
0.859816,0.560781,0.545455,0.934194,0.320469,0.26293,0.12656,0.546624,0.270588,0.455556,0,0
0.614154,0.420586,0.545455,0.962581,0.166782,0.339862,0.249554,0.829582,0.223529,0.455556,0,0
0.000397,0.000453,0.545455,0.925161,0.304618,0.33177,0.114082,0.389068,0.364706,0.155556,0,0.003231
0.123356,0.421185,0.545455,0.952258,0.190558,0.498886,0.12656,0.675241,0.282353,0.555556,0,0.004272
0.492179,0.421562,0.545455,0.896774,0.327705,0.259294,0.083779,0.389068,0.752941,0.4,0,0.006965
0.615561,0.422191,0.545455,0.967742,0.415575,0.401431,0.320856,0.659164,0.294118,1,0,0.011453
0.247214,0.282162,0.545455,0.925161,0.317712,0.340331,0.13369,0.543408,0.282353,0.555556,0,0.012638
0.740584,0.284498,0.545455,0.962581,0.166782,0.339862,0.249554,0.829582,0.223529,0.455556,0,0.029297
0.74143,0.285464,0.545455,0.95871,0.353894,0.362144,0.192513,0.778135,0.235294,0.255556,0,0.03619
0.399503,0.45598,0.545455,0.926452,0.206754,0.286971,0.167558,0.717042,0.411765,0.3,0,0.252468
0,0.28039,0.727273,0.784516,0.205031,0.420781,0.026738,0.678457,0.258824,0.3,0,0
0.736985,0.28039,0.727273,0.974194,0.210889,0.510144,0.196078,0.66881,0.247059,0.3,0,0
0.368493,0.420586,0.727273,0.970323,0.580979,0.473672,0.219251,0.681672,0.294118,0.655556,0,0
0.245662,0.28039,0.727273,0.935484,0.627154,0.504046,0.222816,0.334405,0.882353,0.8,0.03125,0
0.245662,0.28039,0.727273,0.940645,0.355272,0.547672,0.160428,0.639871,0.4,0.255556,0,0
0.122831,0.28039,0.727273,0.940645,0.355272,0.547672,0.160428,0.707395,0.2,0.155556,0,0
0,0.28039,0.727273,0.940645,0.355272,0.547672,0.160428,0.710611,0.176471,0.155556,0,0
0.859816,0.560781,0.727273,0.940645,0.355272,0.547672,0.160428,0.530547,0.447059,0.155556,0,0
0.736985,0.28039,0.727273,0.944516,0.456582,0.601149,0.142602,0.385852,0.505882,0.4,0,0
0.122831,0.420586,0.727273,0.949677,0.327705,0.518705,0.215686,0.681672,0.188235,0.555556,0,0
0.859816,0.560781,0.727273,0.930323,0.288077,0.432391,0.099822,0.694534,0.423529,0.155556,0,0
0,0.28039,0.727273,0.929032,0.274983,0.422657,0.299465,0.405145,0.741176,0.844444,0,0
0.614154,0.420586,0.727273,0.979355,0.547553,0.655917,0.297683,0.504823,0.388235,0.255556,0,0
0.614154,0.28039,0.727273,0.96129,0.39042,0.647473,0.16934,0.900322,0.082353,0.5,0,0
0.12299,0.000181,0.727273,0.865806,0.162646,0.358274,0.069519,0.508039,0.317647,0.255556,0,0.001292
0.614467,0.420943,0.727273,0.92,0.172984,0.33822,0.15508,0.463023,0.447059,0.555556,0,0.002549
0.246261,0.281075,0.727273,0.92129,0.232598,0.407294,0.128342,0.726688,0.164706,0.2,0,0.004883
0.614785,0.421305,0.727273,0.92129,0.17264,0.488097,0.110517,0.720257,0.329412,0.155556,0,0.005134
0.614873,0.141016,0.727273,0.949677,0.313577,0.509206,0.174688,0.662379,0.141176,0.455556,0,0.005852
0.4921,0.281276,0.727273,0.965161,0.290145,0.45397,0.176471,0.803859,0.152941,0.1,0,0.006319
0.369467,0.141308,0.727273,0.967742,0.345279,0.487276,0.262032,0.514469,0.788235,0.455556,0,0.007935
0.86098,0.141524,0.727273,0.940645,0.341489,0.537586,0.112299,0.665595,0.294118,0.1,0,0.009478
0.98386,0.281775,0.727273,0.96129,0.39042,0.647473,0.16934,0.900322,0.117647,0.455556,0,0.009873
0.371271,0.143366,0.727273,0.905806,0.902826,0.924123,0.092692,0.871383,0.141176,0.355556,0,0.022619
0.125728,0.423893,0.727273,0.949677,0.302205,0.507799,0.151515,0.4791,0.611765,0.355556,0,0.023588
0.371588,0.143729,0.727273,0.954839,0.561682,0.666002,0.158645,0.77492,0.282353,0.3,0,0.025204
0.371738,0.1439,0.727273,0.967742,0.345279,0.487276,0.262032,0.768489,0.352941,0.4,0,0.026424
0.740394,0.284281,0.727273,0.967742,0.345279,0.528791,0.212121,0.549839,0.282353,0.755556,0,0.027753
0.740513,0.284417,0.727273,0.940645,0.355272,0.547672,0.160428,0.742765,0.282353,0.055556,0,0.028722
0.998973,1,0.727273,0.898065,0.514128,0.354169,0.121212,0.360129,0.752941,0.355556,0,0.132912
0.406617,0.183709,0.727273,0.96,0.61785,0.495954,0.196078,0.794212,0.152941,0.555556,0,0.310379
0.368493,0.420586,0.727273,0.909677,0.354238,0.496892,0.114082,0.655949,0.494118,0.5,0,1
0.859816,0.560781,0.636364,0.842581,0.028256,0.030609,0.037433,0.376206,0.294118,0.555556,0,0
0.122831,0.420586,0.636364,0.876129,0.041695,0.041163,0.094474,0.324759,0.423529,0.055556,0,0
0.122831,0.28039,0.636364,0.845161,0.019642,0.02193,0.137255,0.144695,0.752941,0.3,0,0
0.491323,0.28039,0.636364,0.876129,0.041695,0.041163,0.094474,0.434084,0.329412,0.3,0,0
0.491323,0.28039,0.636364,0.84129,0.023777,0.026152,0.046346,0.337621,0.388235,0.155556,0,0
0.368493,0.28039,0.636364,0.63871,0.070296,0.092999,0.01426,0.424437,0.294118,0.255556,0,0
0.368493,0.28039,0.636364,0.854194,0.090972,0.405301,0.060606,0.064309,0.423529,0.4,0,0
0.368493,0.28039,0.636364,0.843871,0.012061,0.045503,0.039216,0.099678,0.623529,0.155556,0,0
0.368493,0.28039,0.636364,0.851613,0.024466,0.055236,0.051693,0.385852,0.364706,0.4,0,0
0,0.140195,0.636364,0.843871,0.021365,0.052656,0.048128,0.401929,0.317647,0.255556,0,0
0.000485,0.140749,0.636364,0.88,0.018952,0.012666,0.057041,0.212219,0.235294,0.3,0,0.003949
0.615098,0.561858,0.636364,0.727742,0.011371,0.009734,0.033868,0.093248,0.729412,0.555556,0,0.007683
0.616192,0.563106,0.636364,0.850323,0.007236,0.041867,0.058824,0.192926,0.447059,1,0,0.016587
0.37087,0.423299,0.636364,0.727742,0.011371,0.009734,0.033868,0.07717,0.788235,0.655556,0,0.019352
0.248475,0.283602,0.636364,0.87871,0.049966,0.047379,0.069519,0.327974,0.447059,0.2,0,0.022906
0.617171,0.424028,0.636364,0.784516,0.008615,0.008678,0.032086,0.07717,0.517647,0.055556,0,0.024557
0.741377,0.425599,0.636364,0.851613,0.028946,0.059106,0.073084,0.170418,0.658824,0.655556,0,0.035759
0.865571,0.567349,0.636364,0.84129,0.026189,0.02838,0.037433,0.212219,0.623529,0.2,0,0.046853
0.747675,0.432786,0.636364,0.858065,0.013094,0.009265,0.112299,0.170418,0.364706,0.844444,0,0.087028
0.391327,0.306453,0.636364,0.855484,0.027223,0.057465,0.062389,0.254019,0.552941,0.155556,0,0.185905
0.122831,0.28039,0.181818,0.818065,0.008959,0.001642,0.051693,0.099678,0.741176,0.3,0,0
0.368493,0.140195,0.181818,0,0,0.191744,0,0.096463,1,0.055556,0,0
0.002373,0.002708,0.363636,0.850323,0.087181,0.403542,0.035651,0.093248,0.541176,0.5,0,0.019316
0.00396,0.00452,0.363636,0.847742,0.089938,0.405301,0.121212,0.083601,0.494118,0.9,0,0.032241
0.126919,0.285056,0.363636,0.851613,0.088215,0.404245,0.073084,0,0.517647,0.5,0,0.033282
0.004309,0.004918,0.363636,0.860645,0.083735,0.400844,0.046346,0.07717,0.070588,0.9,0,0.035077
0.496055,0.285791,0.363636,0.860645,0.083735,0.400844,0.046346,0.07717,0.070588,0.9,0,0.038524
0.619089,0.426218,0.363636,0.842581,0.092006,0.406591,0.094474,0.093248,0.541176,0.844444,0,0.040175
0.867688,0.569765,0.363636,0.860645,0.083735,0.400844,0.046346,0.07717,0.070588,0.9,0,0.064086
0.378208,0.151284,0.363636,0.860645,0.083735,0.400844,0.046346,0.07717,0.070588,0.9,0,0.079094
0.133754,0.292858,0.363636,0.860645,0.083735,0.400844,0.046346,0.093248,0.105882,0.9,0,0.088931
0.736985,0.28039,0.090909,0.856774,0.092695,0.124194,0.062389,0.292605,0.929412,0.5,0,0
0.01697,0.299759,0.090909,0.914839,0.083735,0.077167,0.101604,0.508039,0.294118,0.4,0,0.138154
0.614154,0.140195,0,0.784516,0.006547,0.115867,0.019608,0.308682,0.188235,0.455556,0,0
